<?xml version="1.0" encoding="UTF-8"?>
<!DOCTYPE suite SYSTEM "https://testng.org/testng-1.0.dtd">
<suite name="CrossBrowserSuite" parallel="tests" thread-count="2">
  
  <test name="ChromeTest">
    <parameter name="browser" value="chrome"/>
    <classes>
      <class name="Ishahomes.framework.AppTest"/>
      <class name="Ishahomes.framework.tests.IshaHomesTest"/>
      <class name="Ishahomes.framework.base.BaseTest"/>
    </classes>
  </test>

  <test name="EdgeTest">
    <parameter name="browser" value="edge"/>
    <classes>
      <class name="Ishahomes.framework.AppTest"/>
      <class name="Ishahomes.framework.tests.IshaHomesTest"/>
      <class name="Ishahomes.framework.base.BaseTest"/>
    </classes>
  </test>

</suite>
